lines read (n),time (s)
100,0.0033872079999999957
1000,0.033392291
2000,0.06508808300000002
3000,0.098394542
4000,0.13075804200000002
5000,0.16328225000000002
6000,0.19820675
7000,0.2267380830000001
8000,0.2604685000000001
9000,0.2847401249999999
10000,0.316379333
