lines read (n),time (s)
100,0.0033534999999999954
1000,0.031562292
2000,0.061577667000000016
3000,0.09247424999999998
4000,0.12301354099999998
5000,0.156078375
6000,0.19095058399999998
7000,0.220355792
8000,0.25590274999999996
9000,0.2911442499999999
10000,0.31259404199999996
